City,Country,Lat,Lng,Max Temp,Humidity,Cloudiness,Wind Speed,Date
Meulaboh,ID,4.1363,96.1285,297.83,87,79,1.02,1618441028
Mossamedes,AO,-15.1961,12.1522,300.19,73,48,0.58,1618440772
Kununurra,AU,-15.7667,128.7333,291.15,94,54,0.92,1618441028
Vodnyy,RU,63.5046,53.4095,275.81,92,88,3.23,1618441029
Hilo,US,19.7297,-155.09,300.15,54,40,5.66,1618440805
Rikitea,PF,-23.1203,-134.9692,298.79,69,8,2.46,1618441029
Port Alfred,ZA,-33.5906,26.891,293.33,79,85,2.7,1618440851
Ushuaia,AR,-54.8,-68.3,279.15,75,75,5.66,1618440939
Sitka,US,57.0531,-135.33,280.15,76,90,2.57,1618441030
Mataura,NZ,-46.1927,168.8643,287.59,86,67,3.13,1618441030
Alofi,NU,-19.0595,-169.9187,300.15,69,40,2.57,1618441031
Athabasca,CA,54.7169,-113.2854,288.15,20,67,4.12,1618441031
Znamenskoye,RU,57.1281,73.8282,277.82,99,96,2.47,1618441031
Ubari,LY,26.5921,12.7805,296.27,23,58,4.96,1618441032
Hermanus,ZA,-34.4187,19.2345,291.48,88,18,2.24,1618441032
Hammerfest,NO,70.6634,23.6821,272.15,59,75,1.03,1618441032
Bulembu,SZ,-25.9667,31.1333,292.15,68,3,1.61,1618441033
Santa Teresa del Tuy,VE,10.2341,-66.6631,303.15,70,40,4.63,1618441033
Ostrovnoy,RU,68.0531,39.5131,271.25,81,77,12.69,1618441033
Punta Arenas,CL,-53.15,-70.9167,278.15,81,0,9.77,1618441034
Busselton,AU,-33.65,115.3333,289.3,69,99,1.37,1618441034
Zhigansk,RU,66.7697,123.3711,265.66,91,100,3.85,1618441034
Tuktoyaktuk,CA,69.4541,-133.0374,268.15,86,90,2.06,1618441035
Vaini,TO,-21.2,-175.2,299.15,73,40,3.09,1618441035
Port Hardy,CA,50.6996,-127.4199,285.15,58,40,5.14,1618441035
Khatanga,RU,71.9667,102.5,247.3,97,43,3.84,1618441036
Biltine,TD,14.5333,20.9167,299.34,8,11,5.05,1618441036
Usvyaty,RU,55.7456,30.7533,278.27,95,100,3.54,1618441036
Christchurch,NZ,-43.5333,172.6333,289.82,77,40,5.66,1618440379
Carnarvon,AU,-24.8667,113.6333,295.89,43,0,8.3,1618441037
Lashio,MM,22.9333,97.75,290.83,33,87,0.23,1618441037
Yar-Sale,RU,66.8333,70.8333,275.29,100,100,5.8,1618441038
Araouane,ML,18.9048,-3.5265,306.11,8,2,4.26,1618441038
Atuona,PF,-9.8,-139.0333,300.36,74,66,8.69,1618441038
Bredasdorp,ZA,-34.5322,20.0403,286.15,94,0,1.54,1618441039
Arraial do Cabo,BR,-22.9661,-42.0278,296.15,68,40,2.06,1618441039
Rome,US,43.2128,-75.4557,292.15,27,75,2.06,1618440883
Chui,UY,-33.6971,-53.4616,290.05,83,0,3.83,1618441040
Narrabri,AU,-30.3167,149.7833,293.15,63,40,2.04,1618441040
Westport,US,41.1415,-73.3579,288.15,76,40,5.14,1618441040
Abalak,RU,58.1286,68.5944,278.91,95,27,2.59,1618441041
Barrow,US,71.2906,-156.7887,264.15,73,75,5.14,1618440895
Pisco,PE,-13.7,-76.2167,294.15,73,0,5.66,1618440877
Zyryanka,RU,65.75,150.85,257.17,89,87,2.37,1618441042
Dorado,PR,18.4588,-66.2677,299.82,73,75,2.57,1618441042
Bethel,US,41.3712,-73.414,293.15,40,90,3.6,1618441042
Castro,BR,-24.7911,-50.0119,287.59,78,99,3.4,1618441043
New Norfolk,AU,-42.7826,147.0587,287.04,80,96,1.34,1618441043
Lais,PH,6.3328,125.6464,300.13,80,100,1.95,1618441044
Howard Springs,AU,-12.497,131.047,298.15,94,75,1.54,1618441044
Deputatsky,RU,69.3,139.9,252.6,100,100,1.6,1618441044
Bowen,AU,-20.0167,148.2333,296.15,78,75,2.57,1618441045
Bluff,NZ,-46.6,168.3333,287.59,86,60,3.13,1618441045
Codrington,AU,-38.2667,141.9667,287.26,73,79,6.07,1618441045
Hambantota,LK,6.1241,81.1185,299.32,81,100,2.35,1618441046
Laas,IT,46.6166,10.7002,275.93,63,0,3.09,1618441046
Samaná,DO,19.2056,-69.3369,300.15,83,20,3.09,1618440879
Paamiut,GL,61.994,-49.6678,269.96,82,90,11.69,1618441046
Grindavik,IS,63.8424,-22.4338,279.15,93,75,6.69,1618441047
Butaritari,KI,3.0707,172.7902,300.69,78,83,3.87,1618441047
Saint-Philippe,RE,-21.3585,55.7679,298.15,78,75,2.57,1618441047
San Quintín,MX,30.4833,-115.95,289.51,58,87,8.0,1618441048
Parola,IN,20.8833,75.1167,299.08,43,0,1.84,1618441048
Chokurdakh,RU,70.6333,147.9167,256.57,89,74,2.23,1618441049
Gharghoda,IN,22.1667,83.35,296.95,42,87,2.35,1618441049
Conde,BR,-7.2597,-34.9075,299.15,100,20,2.57,1618441049
Shimoda,JP,34.6667,138.95,283.71,66,99,1.79,1618441050
George Town,MY,5.4112,100.3354,299.15,88,20,1.03,1618440845
Tolmachëvo,RU,54.9824,82.7363,273.15,93,100,2.0,1618441050
Vila Franca do Campo,PT,37.7167,-25.4333,289.15,77,20,0.51,1618441051
Kieta,PG,-6.2167,155.6333,300.97,78,87,1.73,1618441051
Dongsheng,CN,39.8161,109.9776,279.93,21,0,11.34,1618441051
Inírida,CO,3.8653,-67.9239,295.78,99,100,1.12,1618441052
Hobart,AU,-42.8794,147.3294,287.15,51,40,7.72,1618440960
Maltahöhe,NA,-24.8333,16.9833,291.1,26,0,3.89,1618441052
Ukiah,US,39.1502,-123.2078,294.15,26,20,6.17,1618440865
Aranos,NA,-24.1333,19.1167,293.54,28,0,3.79,1618441053
Tadine,NC,-21.55,167.8833,299.04,83,93,6.77,1618441053
Cape Town,ZA,-33.9258,18.4232,291.48,94,0,5.66,1618440756
Thompson,CA,55.7435,-97.8558,276.15,25,40,1.54,1618441053
Norrtälje,SE,59.758,18.705,275.37,86,0,1.03,1618441054
Tarumã,BR,-22.7467,-50.5772,293.76,50,0,2.88,1618441054
Dingle,PH,10.9995,122.6711,299.03,84,100,2.38,1618441054
Lanzhou,CN,36.0564,103.7922,283.15,53,100,4.06,1618441055
Nikolskoye,RU,59.7035,30.7861,277.04,69,0,2.0,1618441055
Soller,ES,39.7662,2.7152,287.04,75,100,1.3,1618441056
Denpasar,ID,-8.65,115.2167,299.15,94,40,1.54,1618440953
Albany,US,42.6001,-73.9662,292.15,34,90,1.54,1618441032
Mehamn,NO,71.0357,27.8492,272.33,66,100,11.19,1618441056
Airai,TL,-8.9266,125.4092,289.02,63,42,0.86,1618441057
São Filipe,CV,14.8961,-24.4956,298.27,55,42,6.12,1618441057
Balaipungut,ID,1.05,101.2833,298.15,94,40,1.02,1618441057
Constitución,CL,-35.3333,-72.4167,287.16,89,25,5.41,1618440956
Mar del Plata,AR,-38.0023,-57.5575,293.15,72,0,2.06,1618441058
Iqaluit,CA,63.7506,-68.5145,258.15,66,1,11.83,1618440893
Viranşehir,TR,37.2353,39.7631,282.95,48,18,3.5,1618440916
Port Elizabeth,ZA,-33.918,25.5701,290.15,94,40,2.06,1618441058
Pangnirtung,CA,66.1451,-65.7125,261.15,79,75,3.6,1618441059
Khuzhir,RU,53.1939,107.3397,269.25,85,90,2.61,1618441059
Kapaa,US,22.0752,-159.319,299.15,61,40,6.17,1618441060
Tigil',RU,57.8,158.6667,273.1,99,100,4.61,1618441061
Matara,LK,5.9485,80.5353,298.27,86,100,0.6,1618441061
Rockland,US,41.1668,-74.0496,291.15,45,75,3.6,1618441062
Rabo de Peixe,PT,37.8,-25.5833,289.15,77,20,0.51,1618441062
Klaksvík,FO,62.2266,-6.589,280.15,100,75,6.17,1618441062
Vasylivka,UA,47.4369,35.2742,280.15,87,0,2.0,1618441063
Poso,ID,-1.3959,120.7524,298.15,83,93,1.99,1618441063
Kismayo,SO,-0.3582,42.5454,300.96,78,90,5.37,1618441063
Fort Nelson,CA,58.8053,-122.7002,287.15,28,20,2.57,1618440871
Provideniya,RU,64.3833,-173.3,266.15,68,0,3.0,1618441064
Puerto Ayora,EC,-0.7393,-90.3518,300.15,78,20,6.17,1618441064
Qaanaaq,GL,77.484,-69.3632,249.4,72,0,2.07,1618441065
Calamar,CO,10.2511,-74.9146,304.15,74,75,4.63,1618440886
Avarua,CK,-21.2078,-159.775,302.15,70,20,3.09,1618441065
Montepuez,MZ,-13.1256,38.9997,292.2,97,100,2.7,1618441065
Okhotsk,RU,59.3833,143.3,267.89,69,96,4.08,1618441066
Conceição da Barra,BR,-18.5933,-39.7322,296.57,71,50,3.95,1618441066
Kiryat Gat,IL,31.61,34.7642,288.15,64,97,1.79,1618441066
Jamestown,US,42.097,-79.2353,284.82,40,1,6.69,1618441067
Cairns,AU,-16.9167,145.7667,300.37,69,13,3.6,1618441067
Qui Nhon,VN,13.7667,109.2333,296.86,85,15,1.58,1618441068
Zabid,YE,14.1951,43.3152,299.02,81,1,1.97,1618441068
Grand Gaube,MU,-20.0064,57.6608,297.59,85,81,0.89,1618441068
Oktyabr'skiy,RU,54.4815,53.471,279.96,83,6,1.58,1618441069
Biak,ID,-0.9131,122.8766,297.65,86,99,1.78,1618441069
Mayo,US,38.8876,-76.5119,287.59,94,90,2.06,1618441069
Ponta do Sol,PT,32.6667,-17.1,291.15,72,20,3.09,1618441070
Abhā,SA,18.2164,42.5053,292.15,52,0,1.54,1618441070
Ancud,CL,-41.8697,-73.8203,284.26,82,56,3.13,1618441070
Cobija,BO,-11.0267,-68.7692,298.97,77,87,1.25,1618441071
Ilovlya,RU,49.3033,43.9796,283.15,71,0,5.0,1618441071
Sargatskoye,RU,55.6101,73.4972,276.66,97,90,3.8,1618441071
Hong Kong,HK,22.2855,114.1577,295.93,92,98,9.89,1618440844
Iskateley,RU,67.6803,53.1512,270.41,86,34,8.87,1618441072
Severo-Kuril'sk,RU,50.6789,156.125,277.22,92,100,9.93,1618441073
Tasiilaq,GL,65.6145,-37.6368,274.15,86,90,4.12,1618441073
Tiksi,RU,71.6872,128.8694,259.11,94,95,0.78,1618441073
Hamada,JP,34.8833,132.0833,282.04,12,63,1.68,1618441073
Lavrentiya,RU,65.5833,-171.0,271.29,94,100,0.49,1618440989
Mahébourg,MU,-20.4081,57.7,299.15,83,40,4.12,1618441074
Kungurtug,RU,50.5994,97.5228,268.87,89,100,1.93,1618441074
Natalio,PY,-26.7167,-55.0833,295.68,79,40,1.34,1618441075
Maslovare,BA,44.5656,17.5336,274.15,86,0,1.03,1618441075
Yellowknife,CA,62.456,-114.3525,278.15,38,1,3.6,1618441012
Cayenne,GF,4.9333,-52.3333,301.15,83,75,1.54,1618441076
Lebu,CL,-37.6167,-73.65,286.86,93,60,1.77,1618441076
Lantawan,PH,10.6167,123.9833,299.15,83,75,0.51,1618441076
San Patricio,US,28.017,-97.5169,305.15,62,75,6.17,1618441077
Kambove,CD,-10.8764,26.5969,288.06,97,98,1.64,1618441077
Tres Arroyos,AR,-38.3739,-60.2798,288.56,74,0,4.38,1618441077
Kamenka,RU,51.3223,42.7678,280.93,58,49,3.85,1618441078
Nola,IT,40.922,14.5329,282.59,62,33,2.59,1618441078
Iquitos,PE,-3.7481,-73.2472,301.15,78,40,1.54,1618441078
Częstochowa,PL,50.7965,19.1241,274.82,93,90,2.57,1618441079
Domoni,KM,-12.2569,44.5319,299.22,79,100,1.84,1618441079
Bol,TD,13.4586,14.7147,300.76,34,3,5.8,1618441079
Rognan,NO,67.0953,15.3878,277.15,81,75,12.35,1618441080
Cidreira,BR,-30.1811,-50.2056,295.17,66,31,7.84,1618441080
Podosinovets,RU,60.2776,47.0659,283.09,88,99,2.82,1618441081
Ocós,GT,14.5094,-92.1933,305.15,55,75,5.14,1618441081
Pathein,MM,16.7833,94.7333,298.72,79,97,1.82,1618441082
Tanabe,JP,33.7333,135.3667,282.15,46,0,3.6,1618441082
Khovd,MN,48.0056,91.6419,274.14,33,100,1.52,1618441082
Launceston,AU,-41.45,147.1667,287.04,67,98,7.72,1618441083
Luganville,VU,-15.5333,167.1667,302.31,73,46,3.33,1618441083
Raudeberg,NO,61.9875,5.1352,278.15,83,21,2.78,1618441084
Baykit,RU,61.67,96.37,262.88,97,81,1.34,1618441084
Mallaig,CA,54.2169,-111.3685,285.15,16,100,4.12,1618441084
Hermiston,US,45.8404,-119.2895,292.15,20,1,6.69,1618441085
Abilene,US,32.4487,-99.7331,286.15,88,90,6.17,1618441085
Fortuna,US,40.5982,-124.1573,289.15,41,1,8.75,1618441085
Kloulklubed,PW,7.0419,134.2556,298.15,88,90,5.14,1618441086
Yankton,US,42.8711,-97.3973,283.71,46,40,7.72,1618441086
Bambous Virieux,MU,-20.3428,57.7575,299.15,83,40,4.12,1618440907
Balabac,PH,7.9868,117.0645,299.92,80,15,2.81,1618441086
Hithadhoo,MV,-0.6,73.0833,300.83,67,41,1.11,1618441087
Mezen',RU,65.8522,44.24,272.79,80,23,5.61,1618441087
Cabo San Lucas,MX,22.8909,-109.9124,303.15,26,1,1.54,1618441088
Farafangana,MG,-22.8167,47.8333,296.09,90,71,1.06,1618441088
Egvekinot,RU,66.3167,-179.1667,262.48,76,18,0.84,1618441088
Ilulissat,GL,69.2167,-51.1,265.15,62,75,7.72,1618441089
Lodja,CD,-3.4833,23.4333,292.72,98,90,1.05,1618441089
Rodrigues Alves,BR,-7.738,-72.6509,303.15,66,20,2.06,1618441089
Camaná,PE,-16.6228,-72.7111,293.82,82,48,2.92,1618441090
Gobabis,NA,-22.45,18.9667,289.45,36,0,4.53,1618441090
Hualmay,PE,-11.0964,-77.6139,293.27,82,85,3.14,1618441090
La Ronge,CA,55.1001,-105.2842,281.15,25,100,2.06,1618441091
Kahului,US,20.8947,-156.47,300.15,54,40,9.77,1618440815
Tromsø,NO,69.6496,18.957,273.15,100,90,6.17,1618441091
Kaitangata,NZ,-46.2817,169.8464,289.82,84,89,2.68,1618441092
Adrar,MR,20.5022,-10.0711,299.16,18,40,5.19,1618441092
Kudahuvadhoo,MV,2.6708,72.8944,301.13,65,63,4.37,1618441092
Zhezkazgan,KZ,47.8043,67.7144,281.39,56,0,6.3,1618441093
Ribeira Grande,PT,38.5167,-28.7,289.79,88,84,3.21,1618441093
Lengshuijiang,CN,27.6881,111.4294,286.78,95,100,0.77,1618441093
Hay River,CA,60.8156,-115.7999,280.15,33,93,1.54,1618441094
Guerrero Negro,MX,27.9769,-114.0611,290.97,60,71,8.56,1618441094
Pacific Grove,US,36.6177,-121.9166,291.48,51,20,5.66,1618440960
Krosno Odrzańskie,PL,52.0549,15.0988,275.93,43,100,2.51,1618441095
Saint-Augustin,CA,51.226,-58.6502,276.79,58,0,1.78,1618441014
Dhārchula,IN,29.85,80.5333,289.06,31,28,3.75,1618441095
Rundu,NA,-17.9333,19.7667,290.81,49,39,2.5,1618441095
Muros,ES,42.7762,-9.0603,289.82,60,39,3.13,1618441096
Kez,RU,57.8979,53.7152,279.18,94,14,2.03,1618441096
Longyearbyen,SJ,78.2186,15.6401,259.15,56,40,5.66,1618441097
Laguna,US,38.421,-121.4238,297.04,21,1,2.57,1618441097
Itapirapuã,BR,-15.8233,-50.6133,296.5,62,87,1.83,1618441097
Tual,ID,-5.6667,132.75,301.18,72,60,4.32,1618441098
Kalabo,ZM,-14.97,22.6814,291.51,82,86,2.69,1618441098
Monroe,US,43.1501,-77.6831,286.15,54,75,4.12,1618441099
Pitimbu,BR,-7.4706,-34.8086,299.15,100,20,2.57,1618441099
Pīpār,IN,26.3856,73.5378,297.33,29,4,1.06,1618441099
Polson,US,47.6936,-114.1632,284.26,47,52,8.05,1618441100
Tarakan,ID,3.3,117.6333,297.85,84,100,3.07,1618440904
Tilichiki,RU,60.4667,166.1,264.37,84,100,3.39,1618441100
Maniitsoq,GL,65.4167,-52.9,268.19,90,86,9.31,1618441101
Upernavik,GL,72.7868,-56.1549,251.21,96,98,2.63,1618441101
Malakanagiri,IN,18.35,81.9,297.47,58,93,0.42,1618441101
Talnakh,RU,69.4865,88.3972,258.02,91,100,3.46,1618441102
Batagay-Alyta,RU,67.8006,130.4114,256.72,86,26,1.29,1618441102
Ginir,ET,7.1333,40.7,287.8,70,37,2.71,1618441102
Geraldton,AU,-28.7667,114.6,287.15,72,0,4.63,1618441103
Koceljeva,RS,44.4736,19.8117,277.15,93,40,5.66,1618441103
Touros,BR,-5.1989,-35.4608,300.15,83,20,2.06,1618441103
Kingaroy,AU,-26.5333,151.8333,286.15,100,0,0.98,1618441104
Urucará,BR,-2.5364,-57.76,297.65,95,68,0.4,1618441104
Doha,QA,25.2867,51.5333,300.15,50,0,6.17,1618441094
Ibrā’,OM,22.6906,58.5334,297.33,38,38,1.07,1618441105
Yulara,AU,-25.2406,130.9889,291.15,55,90,3.6,1618441106
East London,ZA,-33.0153,27.9116,294.79,75,80,2.53,1618441106
Nemuro,JP,43.3236,145.575,275.45,63,58,3.78,1618441106
Henties Bay,NA,-22.116,14.2845,300.37,30,0,1.34,1618441107
Warrenton,ZA,-28.114,24.8475,294.36,30,57,2.69,1618441107
Lapua,FI,62.9693,23.0088,272.04,87,9,1.47,1618441108
Āmli,IN,20.2833,73.0167,300.09,41,0,1.99,1618441108
Berlevåg,NO,70.8578,29.0864,273.04,75,98,13.64,1618441108
Kysyl-Syr,RU,63.8986,122.7617,267.94,95,100,1.77,1618441109
Sittwe,MM,20.15,92.9,299.04,83,98,1.16,1618440832
Esperance,AU,-33.8667,121.9,286.15,100,18,3.09,1618441109
Polyarny,RU,69.1989,33.4478,271.15,64,0,6.0,1618441110
Hirara,JP,24.8,125.2833,294.15,88,75,6.69,1618441110
Honiara,SB,-9.4333,159.95,302.31,71,66,1.62,1618440915
Simão Dias,BR,-10.7383,-37.8111,295.94,87,89,4.65,1618441110
Umm Kaddadah,SD,13.6017,26.6876,296.4,10,0,5.87,1618441111
Havelock,US,34.8791,-76.9013,292.59,73,35,1.79,1618441111
Vryburg,ZA,-26.9566,24.7284,294.68,31,53,3.02,1618441112
Anadyr,RU,64.75,177.4833,260.15,66,20,3.0,1618441112
Bengkulu,ID,-3.8004,102.2655,296.71,88,78,1.81,1618441112
Indore,IN,22.7179,75.8333,298.54,37,54,2.27,1618441113
Misratah,LY,32.3754,15.0925,288.83,70,100,3.05,1618441113
Rawson,AR,-43.3002,-65.1023,292.67,52,42,4.0,1618441113
Kondrovo,RU,54.8064,35.9278,284.15,54,100,1.0,1618441114
Khandyga,RU,62.6667,135.6,258.11,86,54,0.47,1618441114
Saint-Pierre,RE,-21.3393,55.4781,298.15,78,75,2.57,1618441114
Charagua,BO,-19.8,-63.2167,299.34,44,45,3.79,1618441115
Buenaventura,CO,3.8801,-77.0312,298.58,91,100,1.26,1618441115
Itoman,JP,26.1247,127.6694,293.15,73,75,3.09,1618441115
Cukai,MY,4.25,103.4167,296.15,94,73,1.71,1618441116
Skjervøy,NO,70.0311,20.9714,272.0,90,100,6.69,1618441116
Cockburn Town,TC,21.4612,-71.1419,297.15,60,20,6.17,1618441116
Pemba,MZ,-12.974,40.5178,295.15,88,40,1.54,1618440907
Lorengau,PG,-2.0226,147.2712,301.98,68,57,2.78,1618441117
Cherskiy,RU,68.75,161.3,261.69,69,38,1.82,1618441117
Babushkin,RU,51.7122,105.8647,269.9,84,99,2.75,1618441118
Nanortalik,GL,60.1432,-45.2371,273.69,89,23,5.37,1618441118
Saskylakh,RU,71.9167,114.0833,252.01,99,71,1.67,1618441118
Lima,PE,-12.0432,-77.0282,294.15,73,0,2.57,1618440730
Sola,VU,-13.8833,167.55,301.4,68,60,5.89,1618441119
Okha,RU,53.5739,142.9478,267.72,90,100,10.84,1618441119
Yershichi,RU,53.6725,32.7542,282.64,90,100,2.29,1618441120
Fairbanks,US,64.8378,-147.7164,282.15,42,75,4.12,1618440846
College,US,64.8569,-147.8028,282.15,40,75,4.63,1618441120
São Paulo de Olivença,BR,-3.3783,-68.8725,297.5,89,95,0.71,1618441120
San Policarpo,PH,12.1791,125.5072,300.04,82,100,2.25,1618441121
Bukama,CD,-9.2,25.85,293.36,96,100,1.06,1618441121
Contamana,PE,-7.3333,-75.0167,297.25,94,100,0.28,1618441121
Nāravārikuppam,IN,13.1956,80.1742,300.15,89,40,1.03,1618441122
Husavik,IS,66.0449,-17.3389,280.15,65,75,3.6,1618441034
Kumul,CN,42.8,93.45,280.06,17,0,6.63,1618441122
Saint Paul Harbor,US,57.79,-152.4072,280.15,57,90,1.54,1618441123
Flinders,AU,-34.5833,150.8552,290.93,66,11,0.45,1618441114
Tuatapere,NZ,-46.1333,167.6833,287.59,86,54,3.13,1618441123
Upington,ZA,-28.4478,21.2561,294.15,35,2,2.06,1618440845
Beyneu,KZ,45.3167,55.2,287.79,41,6,6.31,1618441123
Bulawayo,ZW,-20.15,28.5833,287.69,56,0,2.46,1618441124
Okakarara,NA,-20.5833,17.4333,287.81,42,0,1.66,1618441124
Guisa,CU,20.255,-76.5386,301.15,54,20,8.23,1618441125
Narsaq,GL,60.9167,-46.05,276.15,65,20,0.49,1618440881
Mayumba,GA,-3.432,10.6554,299.48,86,96,3.86,1618441125
Chateaubelair,VC,13.2833,-61.25,301.15,78,20,3.09,1618441126
Regeneração,BR,-6.2378,-42.6883,299.44,70,98,0.78,1618441126
Beaufort,MY,5.3473,115.7455,297.15,100,20,0.96,1618441126
Katherine,AU,-14.4667,132.2667,294.15,78,91,2.57,1618441127
Barranca,PE,-10.75,-77.7667,293.22,80,72,2.67,1618441127
Mount Isa,AU,-20.7333,139.5,301.15,36,1,3.6,1618441127
Champerico,GT,14.3,-91.9167,304.15,62,40,3.09,1618441128
Bonavista,CA,48.6499,-53.1147,273.71,80,92,1.54,1618441128
Yeppoon,AU,-23.1333,150.7333,296.15,64,0,3.6,1618441129
Alekseyevsk,RU,57.8406,108.3492,269.44,95,100,0.59,1618441129
Ati,TD,13.2154,18.3353,300.25,6,64,5.05,1618441129
Biograd na Moru,HR,43.9433,15.4519,278.71,60,0,2.57,1618441130
Faanui,PF,-16.4833,-151.75,300.83,73,100,5.35,1618441130
Praia da Vitória,PT,38.7333,-27.0667,289.15,88,20,1.08,1618441130
São João da Barra,BR,-21.6403,-41.0511,295.21,75,14,5.03,1618441131
Dharampuri,IN,22.1667,75.35,299.86,40,20,0.96,1618441131
Avera,US,33.194,-82.5271,301.15,30,90,5.14,1618441131
Corralillo,CU,22.9819,-80.5856,298.38,57,0,7.27,1618441132
Opuwo,NA,-18.0607,13.84,294.95,33,84,2.65,1618441132
Clevelândia,BR,-26.3958,-52.4708,290.62,71,51,1.65,1618441132
Taoudenni,ML,22.6783,-3.9836,304.62,12,9,5.16,1618441133
Sertânia,BR,-8.0736,-37.2644,295.76,85,96,2.21,1618441133
Sørland,NO,67.667,12.6934,278.16,86,100,13.22,1618441133
Portland,US,45.5234,-122.6762,293.71,19,1,3.16,1618440622
Hasaki,JP,35.7333,140.8333,282.15,61,20,6.69,1618441134
Margate,GB,51.3813,1.3862,278.71,67,13,1.79,1618440875
Katsuura,JP,35.1333,140.3,284.26,40,73,1.79,1618441135
Gold Coast,AU,-28.0,153.4333,297.04,64,0,1.54,1618441135
Mwinilunga,ZM,-11.7358,24.4293,288.06,97,90,1.28,1618441135
Torbay,CA,47.6666,-52.7314,274.26,93,90,4.63,1618441136
Riosucio,CO,5.4216,-75.7032,298.15,65,40,1.03,1618441136
Andenes,NO,69.3143,16.1194,277.15,81,90,12.86,1618441136
Klyuchi,RU,52.2667,79.1667,277.56,93,62,2.17,1618441137
Nouadhibou,MR,20.931,-17.0347,292.15,88,0,8.75,1618440912
San Cristobal,VE,7.7669,-72.225,302.15,65,40,3.09,1618441137
Padilla,CO,3.2204,-76.3139,302.15,58,75,5.14,1618441138
Myre,NO,69.1036,15.9492,277.15,81,90,12.86,1618441138
Half Moon Bay,US,37.4636,-122.4286,293.15,71,1,3.09,1618441138
Shizunai-furukawachō,JP,42.3339,142.3669,277.73,69,33,8.11,1618441139
Rock Hill,US,34.9249,-81.0251,300.15,39,75,4.12,1618440998
Solnechnyy,RU,50.7214,136.6319,270.76,52,89,2.16,1618441139
Moussoro,TD,13.6408,16.4901,300.89,5,0,4.93,1618441140
Thunder Bay,CA,48.4001,-89.3168,279.15,70,90,2.57,1618440901
Nara,JP,34.6851,135.8049,282.59,81,20,4.63,1618441140
Wukari,NG,7.85,9.7833,298.67,65,98,0.95,1618441140
Sakaraha,MG,-22.9,44.5333,294.01,81,18,0.9,1618441141
Semey,KZ,50.4111,80.2275,277.73,63,7,1.72,1618441141
Isangel,VU,-19.55,169.2667,302.55,64,22,0.79,1618441141
Hutchinson,US,38.0608,-97.9298,286.15,33,1,5.14,1618441056
Bushehr,IR,28.9684,50.8385,295.78,66,0,5.47,1618440984
Lander,US,42.833,-108.7307,270.93,93,90,3.6,1618441142
Pirāwa,IN,24.1551,76.0273,301.78,23,100,4.59,1618441142
Korla,CN,41.7597,86.1469,286.13,29,10,3.35,1618441143
Tawang Town,IN,27.5833,91.8667,278.62,77,72,1.26,1618441143
Chapais,CA,49.7834,-74.8492,289.15,25,1,4.63,1618441143
Saldanha,ZA,-33.0117,17.9442,294.15,52,56,2.57,1618441144
Nuuk,GL,64.1835,-51.7216,267.15,93,90,6.17,1618441144
Livingston,GB,55.9029,-3.5226,278.15,87,0,0.51,1618441098
Olonets,RU,60.9847,32.9698,273.4,89,100,2.39,1618441145
Ballina,AU,-28.8667,153.5667,293.71,77,0,2.06,1618441145
Samarai,PG,-10.6167,150.6667,299.81,81,100,5.23,1618441145
Fort Smith,US,35.3859,-94.3986,292.04,59,90,2.06,1618440967
Bonham,US,33.5773,-96.1783,290.93,82,90,5.14,1618441146
Togur,RU,58.3631,82.8265,274.0,99,100,1.8,1618441146
Broome,US,42.2506,-75.833,288.71,62,90,3.09,1618441147
Filingué,NE,14.3521,3.3168,304.16,6,48,2.17,1618441147
Vrå,DK,57.3476,9.9515,273.15,69,1,1.54,1618441147
Juneau,US,58.3019,-134.4197,280.15,81,90,3.6,1618441148
Naze,JP,28.3667,129.4833,292.15,68,75,2.06,1618441148
Great Yarmouth,GB,52.6083,1.7305,277.59,81,20,1.03,1618441148
Ozernovskiy,RU,51.5,156.5167,277.38,89,100,14.16,1618441149
Harboøre,DK,56.6175,8.1807,276.48,83,3,2.68,1618441149
Davenda,RU,53.5556,119.317,271.11,69,99,0.37,1618441149
Liberal,US,37.0431,-100.921,287.15,33,75,5.66,1618441150
Novikovo,RU,51.1537,37.8879,284.39,68,99,2.6,1618441150
Altay,CN,47.8667,88.1167,276.6,40,90,1.42,1618441151
Kavieng,PG,-2.5744,150.7967,301.69,68,39,2.8,1618441151
Nome,US,64.5011,-165.4064,274.26,86,90,2.06,1618440965
Aracruz,BR,-19.8203,-40.2733,297.15,73,0,6.17,1618441152
Hanzhong,CN,33.0728,107.0303,283.23,92,74,0.08,1618441152
Saint George,US,37.1041,-113.5841,295.37,16,1,8.23,1618441118
Rocha,UY,-34.4833,-54.3333,288.07,94,0,3.02,1618441152
Abu Samrah,SY,35.3029,37.1841,285.66,55,9,1.04,1618441153
Beloha,MG,-25.1667,45.05,294.78,97,5,2.09,1618441153
Kailua,US,21.4022,-157.7394,301.15,57,40,5.14,1618441154
Antofagasta,CL,-23.65,-70.4,291.15,72,20,6.17,1618441154
Muzhi,RU,65.3667,64.6667,279.84,92,100,8.87,1618441154
The Valley,AI,18.217,-63.0578,300.37,74,20,4.63,1618441106
Stornoway,GB,58.2093,-6.3865,275.15,100,0,1.07,1618441155
Harper,LR,4.375,-7.7169,300.52,80,81,3.21,1618441155
Bacungan,PH,9.9106,118.7022,298.15,88,75,2.06,1618441156
Chicama,PE,-7.8447,-79.1469,293.15,83,75,5.14,1618441156
Vardø,NO,70.3705,31.1107,271.15,86,20,13.89,1618441156
Sisimiut,GL,66.9395,-53.6735,262.17,83,99,9.01,1618441157
Sinnamary,GF,5.3833,-52.95,299.13,88,86,4.16,1618441157
Kuching,MY,1.55,110.3333,295.15,100,20,0.96,1618440928
Japura,ID,-0.3167,102.35,295.89,98,99,0.4,1618441157
Souillac,MU,-20.5167,57.5167,299.15,83,40,4.12,1618441158
Sompeta,IN,18.9333,84.6,299.54,52,71,4.61,1618441158
Caceres,ES,39.522,-6.3748,286.58,94,100,2.07,1618441158
Pevek,RU,69.7008,170.3133,255.94,78,32,1.91,1618441159
Nelson Bay,AU,-32.7167,152.15,293.15,49,0,3.6,1618441159
Clyde River,CA,70.4692,-68.5914,255.15,78,20,8.23,1618441159
At-Bashi,KG,41.1702,75.8106,277.81,61,88,2.36,1618441160
Grants,US,35.1473,-107.8514,295.15,4,1,11.32,1618440870
West Bay,KY,19.3667,-81.4167,302.15,54,20,6.17,1618441160
Aswān,EG,24.0934,32.907,297.35,17,0,4.02,1618441160
Lompoc,US,34.6391,-120.4579,288.15,55,76,6.17,1618441161
Natal,BR,-5.795,-35.2094,301.15,78,20,4.63,1618441041
Alice Springs,AU,-23.7,133.8833,288.15,77,1,2.06,1618441161
Aklavik,CA,68.2191,-135.0107,272.15,55,75,2.57,1618441162
Houma,US,29.5958,-90.7195,294.15,88,90,6.69,1618441162
Caravelas,BR,-17.7125,-39.2481,298.03,66,24,4.91,1618441162
Paciran,ID,-6.8767,112.3761,298.01,86,89,3.0,1618441163
Kumertau,RU,52.7667,55.7833,278.65,69,1,1.76,1618441163
Payo,ID,-3.7508,103.6372,294.97,97,94,0.5,1618441163
Dolores,AR,-36.3132,-57.6792,287.41,84,0,3.33,1618441164
Dohār,BD,23.5883,90.1469,302.15,65,40,3.09,1618441088
Karácsond,HU,47.7296,20.0308,278.15,70,75,5.66,1618441164
Vao,NC,-22.6667,167.4833,296.95,79,100,9.34,1618441165
Sambava,MG,-14.2667,50.1667,296.76,91,75,2.53,1618441165
Esim,GH,4.8699,-2.2405,299.52,85,100,1.72,1618441166
Kuvshinovo,RU,57.0295,34.1725,279.29,93,100,3.81,1618441166
Vostok,RU,46.4856,135.8833,270.96,39,39,5.39,1618441166
Wagga Wagga,AU,-35.1167,147.3667,287.59,100,12,0.51,1618441167
Mukhen,RU,48.1,136.1,272.36,46,15,4.62,1618441167
Trojan,PL,53.7897,20.2404,276.48,100,75,3.6,1618441168
Arlit,NE,18.7369,7.3853,302.87,7,1,2.05,1618441168
Pakxan,LA,18.3778,103.6601,296.21,87,100,0.86,1618441168
Sekoma,BW,-24.4,23.8833,293.73,30,1,2.09,1618441169
Port Blair,IN,11.6667,92.75,300.43,77,100,0.85,1618441169
Harrison,US,30.4091,-89.0436,290.15,94,90,5.66,1618441169
Sciacca,IT,37.5082,13.0881,283.71,88,65,2.24,1618441170
Ambilobe,MG,-13.2,49.05,295.08,94,68,1.15,1618441170
Jackson,US,42.4165,-122.8345,293.15,16,1,1.91,1618441133
Yangi Marg`ilon,UZ,40.4272,71.7189,284.15,76,100,2.14,1618441170
Hobyo,SO,5.3505,48.5268,300.7,67,95,5.34,1618441171
Ayagoz,KZ,47.9714,80.4392,276.01,68,12,5.98,1618441171
Bam,IR,29.106,58.357,292.84,46,24,1.27,1618441172
Bequimão,BR,-2.4489,-44.7825,301.15,89,20,3.09,1618441172
Bathsheba,BB,13.2167,-59.5167,300.15,65,20,3.09,1618441172
Kavaratti,IN,10.5669,72.642,301.72,68,6,0.99,1618441173
Karlstad,SE,59.3793,13.5036,272.15,86,20,2.06,1618441173
Huallanca,PE,-9.8993,-76.9417,281.97,88,99,0.92,1618441173
Mto wa Mbu,TZ,-3.35,35.85,292.64,91,97,0.41,1618441174
Gazojak,TM,41.1875,61.4036,289.31,33,0,3.34,1618441174
Río Gallegos,AR,-51.6226,-69.2181,283.15,34,20,6.69,1618441174
Tautira,PF,-17.7333,-149.15,303.15,70,75,4.12,1618441174
Port Augusta,AU,-32.5,137.7667,285.93,82,98,2.57,1618441175
Kodinsk,RU,58.6881,99.1844,267.23,95,52,1.47,1618441175
Mitsamiouli,KM,-11.3847,43.2844,300.68,70,100,2.49,1618441176
Itanagar,IN,27.1,93.6167,294.36,46,76,1.75,1618441176
Lampa,CL,-33.2833,-70.9,296.15,40,0,5.66,1618441025
Dunedin,NZ,-45.8742,170.5036,286.48,84,100,2.24,1618441177
Santa Isabel Rio Negro,BR,-0.4139,-65.0192,295.37,99,100,1.17,1618441177
Feldkirchen an der Donau,AT,48.3452,14.0513,275.15,87,20,2.57,1618441177
Sibolga,ID,1.7427,98.7792,297.8,83,78,1.43,1618441178
Teseney,ER,15.11,36.6575,298.17,29,10,4.11,1618441178
Dicabisagan,PH,17.0818,122.4157,298.66,83,66,1.43,1618441178
Ketchikan,US,55.3422,-131.6461,285.15,54,1,5.66,1618441179
Paita,PE,-5.0892,-81.1144,298.15,69,0,6.17,1618441179
Tura,IN,25.5198,90.2201,296.84,60,87,3.13,1618441179
Tezu,IN,27.9167,96.1667,295.3,39,24,2.02,1618441180
Hervey Bay,AU,-25.2986,152.8535,295.93,74,0,1.79,1618441180
Ihosy,MG,-22.4,46.1167,292.12,93,73,1.81,1618441180
Sebeta,ET,8.9167,38.6167,291.15,45,20,1.03,1618441181
Sur,OM,22.5667,59.5289,301.84,42,33,5.28,1618441181
Predivinsk,RU,57.0669,93.4378,268.88,94,11,2.27,1618441182
Auki,SB,-8.7676,160.7034,302.2,68,51,0.45,1618441182
Huinan,CN,42.6225,126.2614,281.34,28,53,5.01,1618441182
Honningsvåg,NO,70.9821,25.9704,272.94,54,98,8.65,1618441183
Dikson,RU,73.5069,80.5464,243.4,100,100,2.39,1618441183
Turriff,GB,57.5384,-2.4593,277.04,80,10,1.71,1618441183
Storforshei,NO,66.4043,14.5233,276.15,65,75,3.6,1618441184
Yambio,SS,4.5721,28.3955,293.4,79,54,2.08,1618441184
Chumikan,RU,54.7183,135.315,268.48,76,100,7.42,1618441184
Iranshahr,IR,27.2025,60.6848,298.12,30,53,1.7,1618441185
Guymon,US,36.6828,-101.4816,287.15,30,90,5.66,1618441185
Concepción del Oro,MX,24.6333,-101.4167,300.62,4,81,7.32,1618441186
Krasnyy Oktyabr',RU,56.1167,38.8833,282.51,63,90,1.7,1618441186
Norman Wells,CA,65.282,-126.8329,280.15,45,75,8.75,1618441186
Baracoa,CU,20.3467,-74.4958,297.16,70,35,5.01,1618441187
Mali,GN,12.079,-12.2982,297.22,39,95,3.22,1618441187
Juegang,CN,32.3174,121.1855,283.71,74,97,5.63,1618441188
Porto-Novo,BJ,6.4965,2.6036,302.15,79,20,5.14,1618441188
Ormara,PK,25.2088,64.6357,299.49,77,79,4.69,1618441188
Camapuã,BR,-19.5314,-54.0439,302.14,40,65,3.69,1618441189
Sabha,LY,27.0377,14.4283,295.44,28,81,7.74,1618441189
Xingyi,CN,24.1877,102.817,286.15,81,40,1.41,1618441189
Svarstad,NO,59.399,9.9698,277.59,1,37,1.72,1618441190
Los Llanos de Aridane,ES,28.6585,-17.9182,293.15,73,0,2.06,1618441140
Morón,AR,-34.6534,-58.6198,294.26,68,1,2.26,1618441190
Talakan,RU,50.3167,130.3667,271.89,44,3,0.51,1618441191
Lityn,UA,49.3251,28.0809,281.75,75,100,2.03,1618441191
Faya,SA,18.3851,42.4509,292.15,52,0,1.54,1618441191
Jiuquan,CN,39.7432,98.5174,274.87,23,21,1.5,1618441192
Lata,PT,40.1629,-8.3327,289.26,94,40,1.03,1618441192
City of San Pedro,PH,14.35,121.0167,301.48,83,40,2.36,1618441192
Siilinjärvi,FI,63.0833,27.6667,272.15,69,0,1.03,1618441193
Garden City,US,42.3256,-83.331,285.15,37,90,7.2,1618441193
Puqi,CN,29.7167,113.8833,288.13,97,100,0.96,1618441194
Kruisfontein,ZA,-34.0033,24.7314,289.75,89,60,1.52,1618441194
Qaqortoq,GL,60.7167,-46.0333,276.15,65,20,1.04,1618441194
Atasū,KZ,48.6814,71.6433,279.29,58,0,4.24,1618441195
Santa Cruz de la Sierra,BO,-17.8,-63.1667,298.41,57,39,2.04,1618441195
Bandundu Province,CD,-3.3167,17.3667,295.68,95,63,1.66,1618441195
Rio Grande,BR,-32.035,-52.0986,293.29,71,0,6.92,1618440972
Otavi,NA,-19.65,17.3333,290.0,43,0,4.41,1618441196
Baruun-Urt,MN,46.6806,113.2792,272.87,67,100,12.71,1618441196
Berbera,SO,10.4396,45.0143,299.33,81,44,0.92,1618441197
Jiangkou,CN,25.4872,119.1986,286.15,94,75,2.0,1618441197
Gunjur,GM,13.2019,-16.7339,297.15,83,2,2.06,1618441197
Port Macquarie,AU,-31.4333,152.9167,294.26,62,57,0.89,1618441125
Nísia Floresta,BR,-6.0911,-35.2086,301.15,78,20,4.63,1618441198
Pringsewu,ID,-5.3582,104.9744,295.86,96,89,1.37,1618441198
Muhos,FI,64.808,25.9931,270.15,86,0,1.54,1618441199
Taltal,CL,-25.4,-70.4833,291.19,79,22,1.95,1618441199
Atar,MR,20.5169,-13.0499,300.05,19,39,3.77,1618441199
Mount Gambier,AU,-37.8333,140.7667,285.15,76,75,4.12,1618441200
Cuiluan,CN,47.72,128.648,275.0,38,61,1.08,1618441200
Saint-Joseph,RE,-21.3667,55.6167,298.15,78,75,2.57,1618441201
Port Hedland,AU,-20.3167,118.5667,297.15,78,89,3.6,1618441201
Big Rapids,US,43.6981,-85.4837,277.59,60,90,4.63,1618441201
Kiama,AU,-34.6833,150.8667,291.48,66,8,0.45,1618441202
Ferrol,ES,43.4832,-8.2369,285.37,62,0,1.54,1618441202
Tiznit Province,MA,29.5833,-9.5,287.59,89,82,5.33,1618441209
Rantepao,ID,-2.9701,119.8978,293.22,96,97,0.74,1618441210
Riyadh,SA,24.6877,46.7219,300.15,29,20,5.14,1618440966
Pombas,CV,17.1503,-25.0201,295.15,73,40,11.32,1618441211
Poole,GB,50.7167,-2.0,276.48,86,29,3.71,1618441170
San Felipe,VE,10.3399,-68.7425,298.14,82,98,2.7,1618441211
Mae Ramat,TH,16.984,98.5166,296.21,96,99,0.42,1618441212
Kirovskiy,RU,45.0917,133.5136,276.95,43,6,2.21,1618441212
Bonthe,SL,7.5264,-12.505,299.49,86,57,1.77,1618441212
Derzhavīnsk,KZ,51.1,66.3167,276.29,56,11,3.79,1618441213
Çine,TR,37.6117,28.0614,287.15,62,20,1.03,1618441213
Zhangye,CN,38.9342,100.4517,275.93,28,49,1.42,1618441214
La Rioja,ES,42.25,-2.5,279.15,75,0,1.54,1618441215
Drexel Heights,US,32.1412,-111.0284,303.15,9,1,2.57,1618441215
Bataiporã,BR,-22.2953,-53.2711,297.59,53,7,2.62,1618441216
Beringovskiy,RU,63.05,179.3167,262.72,75,15,0.29,1618441216
Saint-Félicien,CA,48.6501,-72.4491,289.15,25,75,1.54,1618441217
Ileza,RU,61.0533,43.9002,278.27,86,100,2.98,1618441217
Jinxiang,CN,27.4327,120.6062,285.48,89,100,2.6,1618441217
Goderich,CA,43.7501,-81.7165,278.15,75,88,5.66,1618441205
Carberry,CA,49.8689,-99.3602,275.15,64,75,3.09,1618441218
Svetlaya,RU,46.5389,138.3297,274.11,40,60,4.2,1618441218
Kuusamo,FI,65.9667,29.1833,270.15,80,0,2.57,1618441219
Gigmoto,PH,13.7796,124.39,299.52,87,100,3.51,1618441219
Soyo,AO,-6.1349,12.3689,299.99,82,69,1.74,1618441219
Acapulco de Juárez,MX,16.8634,-99.8901,302.15,74,90,4.12,1618441081
Cafelândia,BR,-21.8025,-49.61,294.59,53,7,3.93,1618441220
Jeypore,IN,18.85,82.5833,296.43,52,96,2.27,1618441220
Shīeli,KZ,44.1667,66.75,286.7,36,92,4.94,1618441221
Artyom,AZ,40.4723,50.333,282.15,93,0,2.06,1618441221
Oktyabr'skoye,RU,43.0645,44.7417,276.15,100,50,2.0,1618441222
Novyy Svit,UA,47.8059,38.0211,280.09,84,47,1.9,1618441222
São Francisco de Paula,BR,-29.4481,-50.5836,295.37,69,70,2.33,1618441222
Chernyshevskiy,RU,63.0128,112.4714,262.2,94,87,0.72,1618441143
Kutum,SD,14.2,24.6667,294.13,11,47,3.7,1618441223
Porterville,US,36.0652,-119.0168,294.26,32,1,4.12,1618441223
Leningradskiy,RU,69.3833,178.4167,262.13,89,95,2.13,1618441224
Curup,ID,-3.4667,102.5333,292.46,96,88,0.7,1618441224
Yenagoa,NG,4.9247,6.2642,298.61,88,99,1.49,1618441225
Prince Albert,CA,53.2001,-105.7677,282.15,18,75,2.06,1618441225
Manjacaze,MZ,-24.7117,33.8828,290.93,95,0,2.16,1618441225
Bedong,MY,5.7274,100.5088,298.15,88,20,1.03,1618441226
Linkou,CN,45.3,130.2833,277.16,26,76,2.72,1618441226
Radomsko,PL,51.0671,19.4448,275.37,90,100,5.68,1618441162
Ugoofaaru,MV,5.6667,73.0,301.33,71,51,2.46,1618441227
Ahipara,NZ,-35.1667,173.1667,292.18,61,53,5.19,1618441227
Igarka,RU,67.4667,86.5833,262.36,95,100,5.03,1618441228
Josanicka Banja,RS,43.3895,20.7503,279.26,81,75,1.03,1618441228
Abasolo,MX,20.45,-101.5167,304.15,13,75,2.57,1618441228
Gurmatkāl,IN,16.8667,77.4,296.37,60,14,1.16,1618441229
Altamirano,MX,16.8833,-92.15,293.98,60,64,0.46,1618441229
Båtsfjord,NO,70.6345,29.7185,271.15,86,20,13.89,1618441229
São José da Coroa Grande,BR,-8.8978,-35.1478,298.28,87,59,3.16,1618441230
Haines Junction,CA,60.7522,-137.5108,280.15,45,99,4.63,1618441230
Hojāi,IN,26.0,92.8667,296.65,44,58,0.97,1618441230
Bubaque,GW,11.2833,-15.8333,298.45,77,5,7.29,1618441231
Mocuba,MZ,-16.8392,36.9856,292.42,91,8,1.49,1618441231
Novopokrovka,UA,49.8425,36.5477,280.93,100,78,3.0,1618441231
Defiance,US,41.3334,-84.45,286.15,38,90,6.17,1618441232
Novopavlovka,RU,51.2172,109.2091,269.33,72,45,1.79,1618441232
Petropavlovsk-Kamchatskiy,RU,53.0452,158.6483,278.15,93,75,1.0,1618441169
Liku,ID,-0.7275,119.8922,297.74,85,90,0.97,1618441233
Ternate,ID,0.8,127.4,300.37,79,96,3.52,1618441233
Xam Nua,LA,20.4197,104.0439,290.81,87,100,1.04,1618441233
Bud,US,39.447,-86.1758,288.15,40,9,4.9,1618441234
Necochea,AR,-38.5473,-58.7368,291.48,73,0,1.34,1618441234
Petropavlovka,RU,50.6114,105.3196,269.75,67,21,1.4,1618441235
